sid, nome, email, fone
1,"Quin L. Freire","ac.sem.ut@yahoo.couk","(23)49343-9755"
2,"Ebony T. Santos","dui@protonmail.net","(31)12337-5750"
3,"Aaron M. Medeiros","id.erat@protonmail.couk","(62)58633-8678"
4,"Anastasia R. Paiva","non.enim.commodo@outlook.couk","(55)37700-5315"
5,"Cassandra E. Gomes","vel.mauris.integer@outlook.ca","(14)65370-7788"
6,"Carter P. de Castro","lacus.nulla@aol.org","(68)63744-5344"
7,"Finn R. Farias","mi.eleifend@yahoo.net","(30)84648-6244"
8,"Blaze J. Fagundes","orci.consectetuer@google.org","(26)32666-3278"
9,"Sacha M. Reis","urna@protonmail.com","(16)81161-7235"
10,"Signe W. Cabral","duis@protonmail.net","(42)98333-2842"
11,"Jacqueline X. da Silveira","id.sapien@yahoo.edu","(51)89545-6743"
12,"Rama T. Morais","pellentesque@aol.com","(72)75383-5231"
13,"Nichole D. dos Santos","et.malesuada@icloud.net","(98)91785-5864"
14,"Hasad V. Pinto","ipsum.suspendisse@icloud.ca","(96)57832-9715"
15,"Shelby T. Pinheiro","integer.sem@outlook.ca","(17)46944-6463"
16,"Moses R. Santana","class.aptent@hotmail.ca","(48)75353-5131"
17,"Xanthus A. Soares","dis.parturient.montes@hotmail.ca","(25)58550-3651"
18,"Patrick N. Duarte","amet.consectetuer@outlook.org","(89)47882-8298"
19,"Andrew J. Correia","leo.in.lobortis@icloud.couk","(62)17478-1743"
20,"Graiden D. da Rosa","at.fringilla@aol.org","(57)43872-6588"
21,"Callum W. dos Anjos","phasellus.elit.pede@yahoo.ca","(56)73794-5622"
22,"Danielle S. Lopes","mollis@protonmail.org","(15)66455-8455"
23,"Ramona Y. Araujo","dolor.dolor.tempus@icloud.com","(53)51287-8745"
24,"Michael K. de Melo","elit.pede@aol.ca","(77)58269-6428"
25,"Xavier S. Viana","ligula.donec.luctus@protonmail.couk","(05)12296-5318"
26,"Silas F. de Assis","non.sollicitudin@protonmail.com","(69)34556-3546"
27,"Axel X. Carneiro","integer.mollis@protonmail.couk","(78)84753-1268"
28,"Odessa L. Bueno","vulputate.posuere.vulputate@outlook.org","(23)94848-8731"
29,"Kyle D. Domingos","suspendisse.sed@yahoo.edu","(08)71330-6922"
30,"Reese J. Mariano","sagittis@protonmail.org","(53)27566-5361"
31,"Bradley G. Cunha","orci.lacus.vestibulum@hotmail.edu","(10)26285-8815"
32,"Lamar L. Fonseca","a.aliquet@outlook.edu","(46)87146-4764"
33,"Neil M. Marques","a.magna@google.edu","(71)14545-3569"
34,"Iola C. Rosa","arcu.et@outlook.org","(88)33046-8882"
35,"Amal P. Cabral","ornare.lectus.justo@protonmail.org","(41)15335-2842"
36,"Griffith U. Mendes","aliquam@hotmail.ca","(11)13746-2453"
37,"Lars V. Lemos","laoreet.posuere.enim@outlook.couk","(87)27686-6961"
38,"Connor I. Martins","proin.vel@hotmail.couk","(92)12179-5867"
39,"George C. Oliveira","in.hendrerit@aol.ca","(94)21726-5164"
40,"Cullen Q. Duarte","quisque.purus@google.ca","(87)61242-6202"
41,"Kasimir L. de Freitas","duis.elementum@yahoo.net","(85)90853-6275"
42,"Mira T. da Rosa","dolor.fusce.mi@icloud.ca","(50)28865-6444"
43,"Gemma M. Sousa","rutrum@hotmail.ca","(61)79117-4550"
44,"Kylie D. de Paula","lacus@icloud.com","(18)51975-8726"
45,"Elmo D. Lemos","laoreet@aol.couk","(27)61244-6778"
46,"Edan I. Cruz","morbi.neque@icloud.edu","(17)11589-8957"
47,"Chancellor V. Aguiar","vitae@icloud.org","(50)56825-4413"
48,"Celeste T. de Santana","vitae.nibh.donec@outlook.edu","(28)48061-9651"
49,"Quentin M. Ferraz","nulla.aliquet@hotmail.net","(13)23316-3724"
50,"Rashad Q. Maciel","lorem.eu@yahoo.ca","(03)54402-8128"
51,"Mari H. Silveira","luctus.sit.amet@aol.com","(72)70177-3288"
52,"Inez Z. Dias","sem.vitae@protonmail.couk","(46)78741-7401"
53,"Joy N. de Moura","ut.sagittis@icloud.net","(80)15110-3827"
54,"Zeus F. Messias","vitae.odio.sagittis@aol.ca","(28)72601-7846"
55,"Dorothy U. Siqueira","sed.dictum.proin@protonmail.couk","(12)05146-4119"
56,"Charde Z. Sántos","montes.nascetur.ridiculus@google.org","(06)88325-0809"
57,"Chandler S. Sántos","at.velit@google.couk","(85)42122-7032"
58,"Kelly U. Mota","enim.curabitur.massa@hotmail.net","(78)13157-4310"
59,"Maisie I. Matias","in@protonmail.couk","(81)58657-0583"
60,"Sebastian W. da Rosa","eros@protonmail.net","(20)36539-4808"
61,"Cairo C. Garcia","nulla@outlook.com","(41)84696-7222"
62,"Dorian A. Neves","eu.turpis@yahoo.ca","(77)79466-4171"
63,"Anne Y. Chagas","lorem.eu@aol.edu","(36)83138-8816"
64,"Jonah M. Figueiredo","sagittis.nullam.vitae@google.net","(28)36027-2119"
65,"Vera J. de Sousa","libero.nec@google.edu","(50)51513-3856"
66,"Yuli M. Silveira","molestie.arcu@outlook.couk","(43)45498-6418"
67,"Quinn J. Cavalcante","vestibulum.ante@yahoo.com","(67)34514-5004"
68,"Mark X. Teodoro","volutpat.ornare.facilisis@aol.net","(21)74810-4427"
69,"Macaulay Z. Firmino","metus@protonmail.org","(42)67135-1765"
70,"Thaddeus G. Maciel","nunc.sed.libero@outlook.org","(81)53241-2122"
71,"Riley K. de Lourdes","proin.nisl@google.ca","(45)86329-6483"
72,"Lynn P. Trindade","purus@yahoo.edu","(52)53477-2587"
73,"Blythe C. Ramos","curabitur.massa@protonmail.org","(87)86762-0731"
74,"Barry Q. Braz","eu.ligula.aenean@protonmail.ca","(64)83218-4979"
75,"Doris D. Azevedo","et@aol.ca","(41)22234-2103"
76,"Audrey R. Rocha","nunc.pulvinar.arcu@aol.net","(15)62865-9245"
77,"Driscoll K. Batista","mollis@icloud.edu","(77)87181-7558"
78,"Geoffrey E. Matos","ut.erat@hotmail.com","(38)53749-4427"
79,"Alan Q. Maciel","ullamcorper.duis@yahoo.com","(83)10512-3036"
80,"Chanda N. da Luz","dictum@yahoo.com","(74)83409-3446"
81,"Rudyard C. de Jesus","nullam.lobortis@outlook.edu","(80)89165-8841"
82,"Angelica S. Antunes","diam.eu@hotmail.org","(65)85376-7724"
83,"Mannix D. de Brito","lacus@yahoo.net","(20)23973-3490"
84,"Len T. Freitas","blandit.nam@google.ca","(11)82375-7160"
85,"Christine O. de Andrade","ultrices.posuere@yahoo.edu","(83)85145-2168"
86,"Dai E. Faria","curabitur@yahoo.edu","(62)16528-1378"
87,"Zelenia O. Muniz","sed.pede.cum@aol.net","(26)02465-7841"
88,"Yetta U. Pires","bibendum.ullamcorper.duis@icloud.edu","(36)26653-6626"
89,"Frances U. de Moura","metus@google.net","(30)13411-2624"
90,"Mari K. Antunes","morbi.non.sapien@hotmail.couk","(44)27175-4318"
91,"Pascale Y. Moura","duis@google.couk","(63)31218-1161"
92,"Chandler X. Matias","tincidunt@google.org","(47)85977-7765"
93,"Alexa G. Ferreira","penatibus.et.magnis@hotmail.com","(79)74847-6562"
94,"Barry C. Faria","magna.malesuada@outlook.ca","(95)45172-3962"
95,"Xaviera Q. de Sousa","eu.odio@protonmail.com","(40)12234-2520"
96,"Madeson E. Bueno","interdum.feugiat@google.org","(27)20187-6780"
97,"Kylie P. de Souza","eros@protonmail.couk","(91)67691-2813"
98,"Lilah Y. Mariano","mauris.suspendisse@hotmail.ca","(16)73374-9424"
99,"Stella Z. da Luz","mauris.elit.dictum@yahoo.net","(17)41317-0247"
100,"Fitzgerald R. Teles","id@aol.edu","(30)42578-7671"
101,"Jin W. Monteiro","sem.ut@outlook.couk","(39)36979-0536"
102,"Julie J. Correia","nunc.ac@yahoo.edu","(23)21644-5290"
103,"Camden D. de Morais","consectetuer.adipiscing@aol.edu","(74)52341-2156"
104,"Abbot D. Siqueira","habitant.morbi@hotmail.ca","(11)37562-9833"
105,"William J. Rezende","suspendisse.tristique@hotmail.couk","(24)00296-5601"
106,"Zenaida Q. Nascimento","eros.nec@aol.ca","(28)54800-5846"
107,"Zeph L. Santos","nec.mollis@icloud.org","(43)67108-9629"
108,"Kaseem F. Messias","velit@protonmail.ca","(15)53762-8746"
109,"Octavius A. Bezerra","dui.augue@google.edu","(47)98378-9602"
110,"Jescie S. do Carmo","iaculis.aliquet@icloud.com","(97)52239-7262"
111,"Steven E. Maia","ligula.aenean.euismod@protonmail.ca","(26)17488-3613"
112,"Zenia L. Henrique","ante@yahoo.ca","(31)62335-2823"
113,"Astra C. Carneiro","ac.orci@icloud.edu","(63)57244-7741"
114,"August V. da Cruz","suspendisse.sagittis.nullam@aol.org","(61)39733-8138"
115,"August F. Nogueira","et.ultrices.posuere@yahoo.org","(96)48284-2116"
116,"Britanni J. Domingues","curabitur.ut.odio@protonmail.edu","(02)37477-3669"
117,"Fiona U. Feitosa","nunc.laoreet.lectus@protonmail.edu","(35)34942-2755"
118,"Chancellor M. Caetano","amet.lorem@icloud.net","(14)78442-7367"
119,"Thane K. Azevedo","mollis.integer.tincidunt@yahoo.org","(53)38717-3786"
120,"Omar R. Cruz","lacus.pede.sagittis@hotmail.net","(02)36921-4457"
121,"Dolan C. Aguiar","sit.amet@yahoo.edu","(27)24710-6786"
122,"Reuben H. Paulino","nam.ligula@outlook.net","(83)00142-2246"
123,"Desirae R. Aparecido","velit.justo@google.com","(78)09746-2563"
124,"Jackson B. da Silveira","ac.urna@hotmail.com","(83)17149-5322"
125,"Zelenia V. Cavalcante","egestas.hendrerit@outlook.com","(52)52052-6973"
126,"Anika J. Nonato","in.aliquet@hotmail.edu","(50)84817-9308"
127,"Mallory W. Monteiro","cursus@icloud.com","(24)02231-5076"
128,"Fleur L. Dutra","enim.diam@outlook.com","(57)94957-8365"
129,"Brock U. Camargo","sapien.aenean.massa@protonmail.org","(11)58447-1889"
130,"Ivan H. Leal","luctus.felis@outlook.net","(25)46500-5778"
131,"Ryder J. de Souza","amet.ante@hotmail.couk","(82)27550-2745"
132,"Honorato X. Evangelista","ante.lectus@hotmail.net","(73)72195-1442"
133,"Amy L. Ferreira","varius.et.euismod@protonmail.ca","(11)02818-2139"
134,"Alice D. Carvalho","dictum@google.edu","(31)81407-7042"
135,"Orla Q. Mendes","tristique.pellentesque@outlook.com","(45)45516-4666"
136,"Shannon Y. Castro","dui.augue@google.net","(28)62835-2487"
137,"Craig E. Ribeiro","eu.lacus@hotmail.org","(56)89427-7067"
138,"Isaiah V. Furtado","vitae@protonmail.org","(46)18925-2560"
139,"Cruz N. Azevedo","semper.et.lacinia@yahoo.org","(06)12025-3257"
140,"James D. de Andrade","elementum.sem@google.couk","(27)74016-7815"
141,"Quyn D. Melo","blandit.at@google.couk","(03)79451-8852"
142,"Melvin Q. de Assis","adipiscing.lacus@protonmail.ca","(40)47047-3016"
143,"Risa F. Almeida","diam.at@aol.couk","(13)39281-1658"
144,"Daphne W. Fonseca","justo.faucibus@aol.ca","(57)86939-2560"
145,"Mufutau W. Cunha","lorem.semper@yahoo.net","(88)43746-2655"
146,"Len B. Bento","tristique.pharetra@protonmail.ca","(40)71938-4432"
147,"Brenna X. Santana","tellus@protonmail.org","(51)55472-1543"
148,"Gillian M. de Barros","arcu.vestibulum.ut@icloud.org","(81)27470-8101"
149,"Haley I. Fernandes","montes.nascetur@google.couk","(13)74771-2185"
150,"Richard R. Moraes","sagittis.lobortis@outlook.org","(83)23448-8793"
151,"Brielle U. Marinho","malesuada.fames@outlook.com","(35)81714-3431"
152,"Regan R. Cabral","ac.risus.morbi@protonmail.ca","(69)44381-3773"
153,"Stephanie B. Das Chagas","a.aliquet.vel@hotmail.net","(38)20986-5848"
154,"Desirae I. Figueiredo","urna.suscipit@outlook.com","(42)93803-7929"
155,"Kim V. Amorim","risus.at@protonmail.com","(27)10772-1123"
156,"Beau M. Braz","eu.erat@aol.couk","(17)34286-5389"
157,"Allistair W. Mendonca","nec.euismod.in@protonmail.couk","(42)73815-2402"
158,"Kristen N. Miranda","fringilla.ornare@protonmail.com","(21)96585-2319"
159,"Paki W. Lopes","eget.dictum@hotmail.net","(12)83926-3293"
160,"Jasper Q. Das Chagas","ut.quam@icloud.net","(72)49945-7556"
161,"Risa R. Morais","luctus.ut@yahoo.couk","(77)93267-8627"
162,"Lucian A. de Oliveira","orci.ut@icloud.org","(33)86735-7683"
163,"Michelle G. Batista","arcu.sed@aol.ca","(35)12286-6753"
164,"Maxine P. Nogueira","odio.sagittis.semper@hotmail.org","(34)99358-8674"
165,"Denise E. Figueiredo","velit.aliquam.nisl@protonmail.org","(51)29068-9724"
166,"Montana U. Brandao","lacus@outlook.edu","(72)88309-6874"
167,"Michelle W. Mariano","molestie.tellus@outlook.edu","(24)53289-2192"
168,"Shelby P. Machado","duis@outlook.org","(63)33951-8493"
169,"Julie D. Chaves","interdum.nunc.sollicitudin@outlook.ca","(17)14130-2872"
170,"Drake W. Maciel","scelerisque@outlook.couk","(15)12313-4666"
171,"Yuri Q. dos Santos","sit.amet@yahoo.net","(45)09521-1633"
172,"Leo Y. Gonzaga","ullamcorper.viverra.maecenas@google.ca","(68)31121-5252"
173,"Lael E. de Melo","neque.nullam.nisl@icloud.org","(49)94973-0892"
174,"Reagan K. Magalhaes","nunc@hotmail.org","(57)88424-9737"
175,"Dolan G. Gomes","vulputate.lacus@aol.edu","(24)16856-1882"
176,"Sigourney U. dos Anjos","iaculis.lacus@icloud.com","(92)91562-2854"
177,"Rowan C. Campos","ullamcorper.nisl@google.net","(94)76721-7649"
178,"Tanek R. Macedo","ut.semper.pretium@outlook.net","(57)36225-7464"
179,"Josiah R. Pacheco","non.enim@outlook.edu","(88)82475-2524"
180,"Lacy M. Inacio","tellus.nunc.lectus@protonmail.com","(33)10973-4420"
181,"Cyrus W. Martins","vivamus.rhoncus@google.couk","(26)12937-0467"
182,"Ariel Q. de Santana","primis.in@protonmail.net","(41)54223-5875"
183,"Noelle M. dos Santos","massa@protonmail.ca","(61)31545-2897"
184,"Graham T. Moreira","nunc.ullamcorper@outlook.org","(37)28756-3371"
185,"Tiger Y. Moura","aliquam.ornare.libero@outlook.edu","(53)33383-0278"
186,"Gabriel L. Domingues","penatibus.et.magnis@yahoo.com","(55)39827-1844"
187,"Leila R. Pires","ut.tincidunt@google.net","(59)22187-5431"
188,"Jaden P. Dutra","sem@aol.org","(61)83154-5358"
189,"Berk T. Barros","nec.mollis.vitae@yahoo.edu","(35)02558-7569"
190,"Stone W. de Campos","dolor.donec@yahoo.net","(94)80821-1815"
191,"Moses F. de Freitas","consectetuer.rhoncus@icloud.ca","(73)93482-2529"
192,"Carlos H. Machado","phasellus.ornare@icloud.edu","(91)33818-1311"
193,"Donovan A. Marques","rutrum.eu@google.ca","(42)43094-2550"
194,"Callie J. Oliveira","sodales@google.edu","(86)98096-0558"
195,"Violet V. de Carvalho","nulla.facilisis@yahoo.edu","(62)52441-5025"
196,"Medge N. Bispo","orci.ut@protonmail.net","(52)28977-6073"
197,"Mira K. Gomes","pede.blandit@aol.ca","(39)07159-1791"
198,"Arden V. de Abreu","tellus.justo@aol.edu","(76)10172-1302"
199,"Shad G. Antunes","et.lacinia.vitae@hotmail.com","(76)36431-4552"
200,"Chaney C. de Jesus","mauris.integer@google.com","(46)04286-3784"
201,"Demetrius O. Correa","vivamus.sit.amet@aol.net","(81)32531-2329"
202,"Myra H. Miranda","purus.ac@aol.com","(37)65811-8733"
203,"Harding J. da Costa","vel.faucibus@outlook.ca","(82)63676-9376"
204,"Ira A. Leite","duis.elementum@google.edu","(34)52387-4337"
205,"Kai V. de Assis","et.rutrum@protonmail.couk","(91)01755-6075"
206,"Madaline Z. Morais","pede.cras@yahoo.org","(86)81327-1606"
207,"Noah O. de Moraes","aliquam@aol.ca","(72)73316-1646"
208,"Malachi E. Brito","sed@outlook.org","(49)86428-8206"
209,"Malachi E. Trindade","pretium@aol.org","(73)71802-7621"
210,"Maile Y. Sampaio","donec.nibh@hotmail.org","(51)71248-3655"
211,"Dillon V. Tavares","integer.tincidunt.aliquam@protonmail.ca","(96)42606-1318"
212,"Wallace J. Martins","massa.non@aol.org","(55)27141-2552"
213,"Sierra V. Freire","nullam@aol.net","(92)48772-3204"
214,"Aimee Q. Domingos","vehicula.et@hotmail.ca","(84)64485-7914"
215,"Nerea A. de Moura","dolor.nulla@outlook.couk","(86)11647-7688"
216,"Yuli T. Barros","urna.et@aol.couk","(77)36068-3823"
217,"Cullen F. de Barros","dolor.egestas@hotmail.ca","(93)70653-4340"
218,"Aristotle E. de Moura","feugiat.non.lobortis@google.couk","(89)43273-2358"
219,"Avram P. Nascimento","non.enim@outlook.org","(85)18315-2601"
220,"Phoebe U. Teixeira","mauris.ut@yahoo.ca","(43)62886-6730"
221,"Aurelia V. Abreu","lorem.ipsum@yahoo.net","(88)64203-6027"
222,"Jacqueline E. de Castro","suspendisse@yahoo.ca","(51)35914-6897"
223,"Amaya Q. Maciel","nullam.enim.sed@protonmail.com","(28)86771-7194"
224,"Veda S. Maciel","cursus.non.egestas@aol.edu","(83)00595-4288"
225,"Emerson Y. Castro","aliquet.molestie@protonmail.edu","(98)41374-6231"
226,"Lee G. Marques","gravida.non@yahoo.org","(66)11817-5636"
227,"Dennis M. Soares","mus.proin.vel@icloud.org","(85)62088-2412"
228,"Serina S. Maciel","libero.nec@icloud.edu","(58)59185-6934"
229,"Kadeem O. de Moraes","bibendum.ullamcorper.duis@protonmail.edu","(68)29226-6017"
230,"Lael Y. Soares","leo.elementum.sem@icloud.ca","(58)58363-3427"
231,"Fredericka U. Pacheco","lobortis.class@protonmail.net","(33)83019-6387"
232,"Lavinia W. Rezende","nec.urna.et@google.couk","(57)34556-7338"
233,"Murphy V. Araujo","penatibus@google.ca","(85)26164-0498"
234,"Deanna L. Campos","nulla.magna@google.edu","(18)82121-3858"
235,"Alfreda F. Azevedo","integer.vitae.nibh@outlook.org","(29)79778-1161"
236,"Zachery T. Ramos","nisi@outlook.net","(53)41870-0367"
237,"Adria P. Gonzaga","hendrerit.donec@hotmail.org","(36)99346-6272"
238,"Rebekah A. Leite","risus.donec.egestas@outlook.org","(71)70892-7168"
239,"Lucian Q. Brito","quis.massa@protonmail.edu","(65)56640-4626"
240,"Lael X. Soares","nec.leo@hotmail.edu","(75)13924-6611"
241,"Yuli P. Bezerra","dis.parturient.montes@hotmail.couk","(52)25078-9237"
242,"Bryar B. Teodoro","odio.auctor@hotmail.couk","(33)24778-6165"
243,"Kenneth O. Dutra","eget@protonmail.edu","(32)62368-2867"
244,"Buffy I. Barros","erat.eget@google.edu","(15)65644-2076"
245,"Andrew E. Cordeiro","magna.sed.eu@google.com","(77)85086-5518"
246,"Madeson S. Dias","lacus@icloud.com","(16)09662-1331"
247,"Dillon I. Das Chagas","suspendisse@hotmail.edu","(55)48730-7165"
248,"Harding F. Freire","dapibus@google.couk","(06)22765-9542"
249,"Tobias M. Figueiredo","primis@yahoo.couk","(27)84951-4976"
250,"Mechelle M. Chagas","in.aliquet.lobortis@yahoo.net","(63)77210-3753"
251,"Malik I. de Campos","dis@protonmail.org","(26)80266-8575"
252,"Karly R. Das Dores","ultrices.a.auctor@hotmail.net","(42)35266-1180"
253,"George P. Feitosa","gravida.mauris@icloud.couk","(17)86873-1732"
254,"Kaye I. Paulino","sit@protonmail.couk","(47)65263-6758"
255,"Damon I. Melo","auctor.velit@protonmail.com","(68)71344-5214"
256,"Willow I. Santana","lorem@outlook.net","(51)22375-4815"
257,"Thaddeus R. Brandao","suspendisse.tristique@aol.couk","(36)20349-1076"
258,"Denton C. Rocha","quis@outlook.edu","(45)32256-2359"
259,"Chiquita O. Maia","nascetur.ridiculus@protonmail.net","(80)81816-0678"
260,"Iola K. Souza","risus@icloud.couk","(04)59830-0930"
261,"Joelle S. Dutra","magna@yahoo.com","(51)61341-5601"
262,"Donovan A. Pinheiro","dapibus.gravida.aliquam@icloud.ca","(28)21543-1621"
263,"Mallory W. Furtado","non@google.com","(56)11892-2987"
264,"Nasim R. Magalhaes","sed@protonmail.net","(03)83582-8678"
265,"Cameron N. Barros","lorem.vehicula@icloud.couk","(26)73014-4091"
266,"Aquila T. Chaves","ante.vivamus@aol.edu","(66)96281-1351"
267,"Amery O. Teles","volutpat.nunc@yahoo.com","(63)13324-7257"
268,"Alec Y. de Andrade","nec@icloud.org","(47)36525-8266"
269,"Acton U. Barbosa","vel.sapien@icloud.edu","(44)36784-7585"
270,"Armando J. Simoes","cum.sociis@icloud.couk","(89)07225-3212"
271,"Quinn G. de Campos","non.nisi@outlook.com","(48)13557-5371"
272,"Judah T. Magalhaes","cursus.luctus.ipsum@icloud.net","(34)51168-5356"
273,"Thomas I. da Luz","vitae.orci@google.com","(78)32785-6694"
274,"Kuame J. Santiago","nisi.magna@aol.ca","(49)14785-2151"
275,"Dolan H. de Sousa","tincidunt.nibh@google.couk","(45)47169-6473"
276,"Kelsie Q. Batista","magnis.dis.parturient@outlook.com","(17)72521-9541"
277,"Lilah F. da Conceiçao","vestibulum.massa@protonmail.org","(24)24946-5444"
278,"Gay U. Dantas","ligula@icloud.org","(10)86419-6520"
279,"Doris Y. de Matos","ornare@hotmail.ca","(23)28384-8182"
280,"Matthew K. Moreira","integer.mollis@protonmail.couk","(25)38276-1872"
281,"Pascale L. Leal","vitae.velit.egestas@yahoo.org","(72)46392-4532"
282,"Myles U. Matias","habitant.morbi@icloud.edu","(21)63385-0383"
283,"David E. Mendes","quis.accumsan@hotmail.net","(52)54628-0920"
284,"Philip Z. Teodoro","dictum.cursus@hotmail.ca","(24)20744-3153"
285,"Signe W. de Azevedo","consectetuer.rhoncus@yahoo.org","(07)02703-1814"
286,"Amir J. Evangelista","duis@aol.net","(15)61809-5819"
287,"Kevyn K. Cunha","nulla.semper@outlook.org","(25)31647-7468"
288,"Hedwig Z. Cordeiro","consequat.enim.diam@protonmail.ca","(73)97615-3174"
289,"Denise T. Faria","sit.amet.ornare@icloud.net","(04)32458-8479"
290,"Dahlia R. Pinto","eu.ligula@protonmail.ca","(52)62142-4313"
291,"Matthew B. de Moura","nibh.lacinia@icloud.net","(22)88965-4043"
292,"Jade O. Pinheiro","dolor@yahoo.org","(75)41135-4466"
293,"Samuel M. Oliveira","fringilla.porttitor@icloud.org","(89)44829-0013"
294,"Shelley S. Guedes","nec.diam@hotmail.net","(93)63144-8026"
295,"Chaim I. Felix","pharetra.nibh@outlook.net","(11)21726-7401"
296,"Naomi G. Henrique","convallis.ligula@protonmail.com","(67)05935-6546"
297,"Gretchen G. Mendonca","id.libero@google.com","(86)45031-1560"
298,"Thomas L. Das Neves","et.rutrum@aol.org","(61)76576-7818"
299,"Aristotle P. Mota","donec.tempor@protonmail.com","(83)32588-6008"
300,"Vladimir N. de Moura","enim.etiam@google.org","(78)62589-7618"
301,"Leonard X. Reis","euismod@icloud.ca","(85)41217-8054"
302,"Hunter V. Guedes","facilisi.sed@google.edu","(31)35234-4458"
303,"Rahim S. da Rocha","ligula.donec.luctus@aol.net","(33)42473-4126"
304,"Sarah Y. Macedo","dignissim.magna.a@aol.edu","(33)36512-5247"
305,"Oren J. de Morais","ut@aol.ca","(83)04417-3187"
306,"Lydia G. Cabral","consequat.purus@aol.couk","(67)11769-3838"
307,"Beau J. Moura","mauris.nulla@hotmail.couk","(11)16320-8603"
308,"Wyoming E. Azevedo","rutrum.fusce@protonmail.edu","(33)42505-4525"
309,"Sasha E. Maciel","tellus.imperdiet@protonmail.com","(30)28224-8275"
310,"Teegan T. Viana","at.iaculis.quis@protonmail.couk","(70)55616-5471"
311,"Mallory Y. Morais","dictum.ultricies@hotmail.org","(54)11059-7444"
312,"Halee R. Almeida","suspendisse.aliquet@google.net","(12)59686-1748"
313,"Althea Y. Cordeiro","lobortis.class@google.couk","(70)04776-3024"
314,"Macey B. Firmino","primis.in@outlook.ca","(28)14455-1968"
315,"Ralph J. Cardoso","elementum@outlook.edu","(27)43313-6482"
316,"Fiona K. de Matos","magnis.dis@outlook.net","(44)73611-3374"
317,"Oren Y. Ferreira","eu.arcu@google.org","(34)52387-6213"
318,"Kevin K. Teodoro","mollis.vitae@google.ca","(30)07772-2748"
319,"Jenna R. Santiago","natoque.penatibus@protonmail.ca","(48)52878-8118"
320,"Amos W. Duarte","adipiscing.non@google.ca","(05)22391-5582"
321,"Avye E. Magalhaes","pharetra.ut@protonmail.net","(85)27436-2491"
322,"Preston W. Mendonca","donec.felis.orci@google.net","(22)94888-6499"
323,"Todd N. Garcia","odio.tristique@outlook.org","(41)74154-3885"
324,"Harper E. Dias","sem@outlook.edu","(16)49644-1733"
325,"Levi W. Candido","non.vestibulum.nec@google.edu","(52)26432-5795"
326,"Phelan Q. Barbosa","rutrum.non@aol.couk","(58)93103-2318"
327,"Levi V. Reis","ridiculus.mus.donec@icloud.org","(55)65833-3543"
328,"Perry O. Bueno","augue.id@icloud.ca","(33)85482-2882"
329,"Channing W. Batista","ante.maecenas.mi@google.couk","(67)41840-8124"
330,"Idola T. Oliveira","eget.odio@outlook.org","(41)17117-2059"
331,"Hanae S. da Silva","vel.quam@hotmail.net","(43)52044-1381"
332,"Anne F. Rosa","aliquam.vulputate@icloud.net","(32)77061-3151"
333,"Abdul X. Santana","imperdiet@protonmail.couk","(80)30848-5130"
334,"Kevyn Y. da Costa","dolor.donec.fringilla@google.ca","(63)29516-1298"
335,"Gregory T. Medeiros","cras.lorem@icloud.net","(53)54637-0613"
336,"Sebastian T. da Cunha","quisque.purus.sapien@protonmail.edu","(82)46211-5589"
337,"Grace V. Sousa","quisque.purus.sapien@outlook.couk","(24)73806-4266"
338,"Britanney M. Bueno","est.ac@icloud.net","(46)65250-6865"
339,"Ruth U. Braz","ipsum.non@aol.edu","(52)59070-5477"
340,"Yuli K. de Souza","semper@hotmail.ca","(25)42624-6492"
341,"Todd U. Santana","dolor.fusce@outlook.com","(52)71559-4339"
342,"Scarlet T. Rodrigues","elit.curabitur@protonmail.net","(15)99775-5406"
343,"Ursa H. Braz","imperdiet.ornare@yahoo.edu","(65)93434-6323"
344,"Dylan T. Feitosa","a.tortor@google.com","(96)12716-6558"
345,"Marvin R. Fernandes","eget@outlook.ca","(11)65518-2704"
346,"Zelda Q. Matias","sollicitudin.commodo@protonmail.com","(52)80888-2547"
347,"Ainsley Q. da Rocha","duis.sit@aol.edu","(38)57282-8717"
348,"Carson B. Rodrigues","turpis.nulla@outlook.org","(74)92487-4855"
349,"Michelle X. Muniz","primis.in.faucibus@aol.ca","(82)58845-3946"
350,"Quyn G. Marinho","et.ipsum@outlook.ca","(48)75212-4632"
351,"Phillip B. Azevedo","magna.praesent@icloud.edu","(65)27094-8573"
352,"Quyn Y. Evangelista","ac.tellus@yahoo.com","(89)43147-3376"
353,"Azalia V. Medeiros","odio.semper@hotmail.ca","(58)86889-9238"
354,"Ray L. de Almeida","morbi.accumsan.laoreet@icloud.com","(91)40824-2161"
355,"Abdul A. Cardoso","libero.mauris@protonmail.couk","(16)36263-3221"
356,"Marvin R. Diniz","mauris@aol.ca","(76)76026-3716"
357,"Ronan M. Ribeiro","nam.interdum@outlook.net","(74)51153-6554"
358,"Zeph Q. do Carmo","lorem.tristique@protonmail.org","(94)88012-8763"
359,"Bernard O. Aguiar","sapien@yahoo.edu","(95)18121-4811"
360,"Nissim G. Moraes","eu.tellus@icloud.couk","(11)49182-7201"
361,"Denise D. de Assis","nisi.a@outlook.edu","(36)89755-1601"
362,"Signe D. dos Santos","dignissim@google.net","(08)40747-2213"
363,"Erich A. Antunes","duis.volutpat.nunc@outlook.com","(11)32134-7696"
364,"Jerome D. de Brito","a@aol.net","(73)37588-8533"
365,"Ina T. Nogueira","nisl@outlook.ca","(91)62630-8603"
366,"Thomas M. de Morais","nulla@outlook.com","(20)84402-3634"
367,"Graham V. Abreu","odio.a@yahoo.edu","(48)39103-9386"
368,"Morgan V. Pinheiro","orci.lacus@protonmail.couk","(23)33748-1797"
369,"Aidan I. Farias","donec.sollicitudin@aol.com","(58)47403-4132"
370,"Florence E. Oliveira","et.ipsum@google.org","(04)41780-6715"
371,"Malik K. de Freitas","convallis.in.cursus@google.couk","(89)04524-2313"
372,"Garrison E. Xavier","tempor.diam@icloud.net","(54)75454-3095"
373,"Abraham D. Siqueira","eu.eros@protonmail.org","(88)17528-5525"
374,"May C. Santos","ornare.placerat.orci@aol.couk","(18)48763-6635"
375,"Florence M. Medeiros","lectus.quis@outlook.com","(76)16681-1688"
376,"Yeo E. Bezerra","ornare.sagittis@protonmail.org","(67)83482-2715"
377,"Mark Y. Simoes","odio@protonmail.ca","(12)03518-5136"
378,"Geraldine Y. Tavares","suspendisse.non@icloud.org","(78)20983-8662"
379,"Genevieve J. Nonato","nullam.ut.nisi@hotmail.org","(32)87301-9483"
380,"Cedric A. Machado","magna@icloud.ca","(70)76861-5104"
381,"Mannix B. Sousa","donec.tempus@icloud.net","(46)79267-2537"
382,"Kennan W. Freire","egestas.duis.ac@protonmail.edu","(51)02212-1257"
383,"Elmo Q. Teixeira","lorem.ac.risus@icloud.com","(82)26316-3218"
384,"Octavius E. Sántos","elit.curabitur@icloud.com","(44)16401-4677"
385,"Jacob A. Gomes","lectus.nullam.suscipit@aol.net","(39)53446-7366"
386,"Adele U. Viana","dictum.placerat@protonmail.com","(01)83926-0711"
387,"Paloma N. Simoes","a.sollicitudin@google.ca","(71)33524-1422"
388,"Herman O. de Barros","ut@google.edu","(82)41354-4010"
389,"Nerea B. Castro","mattis.integer@outlook.com","(44)28685-3424"
390,"Kylee O. Menezes","a.scelerisque.sed@icloud.com","(67)15010-7137"
391,"Fitzgerald W. Bispo","pulvinar.arcu.et@yahoo.ca","(01)64663-1139"
392,"Plato C. Vaz","nec.tellus.nunc@icloud.net","(88)81814-5452"
393,"Murphy O. da Conceiçao","sit.amet@google.edu","(92)40853-5777"
394,"Glenna G. Campos","quam.dignissim@hotmail.com","(63)46689-5216"
395,"Denton X. Diniz","nulla.donec.non@yahoo.edu","(93)65561-4470"
396,"Aladdin P. Brandao","sit.amet@aol.ca","(44)42639-5511"
397,"Paula B. Pinto","aliquam.iaculis.lacus@aol.net","(18)96738-2915"
398,"Evelyn T. Bastos","eu.ligula@outlook.org","(01)80951-3366"
399,"Colton O. de Abreu","non.enim@hotmail.edu","(84)72545-5611"
400,"Hyatt M. de Lourdes","imperdiet.nec.leo@google.net","(83)72216-9352"
401,"Mary P. Tavares","vivamus.nibh.dolor@google.org","(57)86560-0228"
402,"Zeus C. Nogueira","ridiculus@protonmail.edu","(28)38662-2137"
403,"Chaim O. Ramos","enim.etiam@google.edu","(32)67797-3686"
404,"Hunter T. Silva","fringilla.euismod.enim@hotmail.org","(50)63675-8546"
405,"Vivien B. de Barros","id@yahoo.couk","(01)06616-8436"
406,"Kelsie E. de Araujo","semper.pretium@hotmail.org","(61)78678-8496"
407,"Quemby B. Batista","tincidunt.aliquam@icloud.couk","(45)56256-9137"
408,"Jana F. de Santana","mauris.id@outlook.net","(75)65847-6202"
409,"Edward K. de Oliveira","venenatis.lacus.etiam@yahoo.ca","(33)02652-7767"
410,"Keiko N. de Santana","consectetuer@google.net","(08)48268-0150"
411,"Tashya W. Coelho","maecenas.libero@google.net","(88)14425-5143"
412,"Elizabeth U. de Lima","lectus.a.sollicitudin@aol.ca","(36)37594-6262"
413,"Robert C. Queiroz","nec.leo@protonmail.couk","(35)22860-0644"
414,"Slade N. Chaves","aliquam.tincidunt@yahoo.org","(43)53423-0760"
415,"Mason G. Peixoto","sagittis@outlook.com","(86)48778-2918"
416,"Brent C. Sampaio","luctus@google.org","(26)31318-7633"
417,"Michelle P. Queiroz","ligula.nullam@google.net","(15)52604-6280"
418,"Hedley N. Rodrigues","aliquet@outlook.com","(13)31256-8131"
419,"Renee G. Monteiro","lacus@aol.edu","(64)78140-2736"
420,"Rhonda O. Silva","lacus.vestibulum@aol.edu","(83)08815-7658"
421,"Maris V. Maciel","turpis.non.enim@icloud.org","(13)90464-5442"
422,"Hyatt I. Matos","natoque.penatibus.et@aol.net","(79)44796-3021"
423,"Hope K. Messias","non.bibendum@aol.couk","(04)14443-7654"
424,"Hanna U. Amaral","est.ac@google.net","(82)18628-8088"
425,"Melvin W. Camargo","faucibus.morbi@protonmail.org","(95)03516-4272"
426,"Laura I. Dias","nullam@protonmail.org","(52)29636-6186"
427,"Belle T. Nascimento","lobortis.risus.in@icloud.net","(15)22480-1752"
428,"Jessica M. Lima","sagittis@yahoo.org","(82)28432-9168"
429,"Ray K. Bezerra","elit.elit@icloud.org","(68)51873-5910"
430,"Todd W. de Oliveira","id.mollis@yahoo.com","(46)17226-4237"
431,"Jayme T. Coutinho","congue@outlook.net","(22)96626-2491"
432,"Kristen I. Barros","pede.ac@aol.com","(84)07866-6316"
433,"Nola F. da Rocha","purus.mauris@aol.edu","(28)00683-3264"
434,"Hanae Y. Macedo","mi.felis@icloud.net","(35)28821-7291"
435,"Fletcher K. Camargo","nec@icloud.ca","(62)15473-3056"
436,"Brandon Z. Nogueira","lectus.a@protonmail.org","(54)26139-8341"
437,"Jenette P. Domingos","lacus.quisque.imperdiet@yahoo.net","(72)55651-1118"
438,"Shay E. Mendes","nisi.magna@aol.com","(43)53311-1180"
439,"Nash S. Barboza","mollis.duis@yahoo.couk","(54)54633-3242"
440,"Gregory Q. Chagas","nec.cursus@aol.ca","(41)11101-8718"
441,"Remedios F. Martins","tellus.phasellus@google.edu","(56)88437-8712"
442,"Leandra Y. Magalhaes","malesuada@icloud.edu","(77)62764-4131"
443,"Hilda V. Gonçalves","felis.orci@google.ca","(47)71428-2075"
444,"Maxine G. Gonzaga","phasellus.dapibus@protonmail.ca","(58)58139-5802"
445,"Carl P. Trindade","malesuada.malesuada@aol.com","(47)83987-2224"
446,"Cadman K. Barboza","diam.vel@aol.org","(02)52512-1918"
447,"Chase K. Cavalcante","sodales.at@icloud.com","(30)13858-6518"
448,"Ali K. Felix","pellentesque@google.edu","(38)78604-1837"
449,"Levi Q. Muniz","quis.urna@yahoo.edu","(02)82835-9856"
450,"Ralph U. Borges","at.pretium@icloud.couk","(71)36126-9714"
451,"Evelyn A. Mariano","vitae.erat@icloud.com","(33)76639-3699"
452,"Keaton H. da Cunha","dapibus@hotmail.couk","(72)47854-4681"
453,"Cole M. Silva","et.magnis@hotmail.com","(66)29487-7784"
454,"Alan M. Viana","suspendisse.eleifend@outlook.ca","(21)03483-7431"
455,"Grant O. Camargo","amet.orci.ut@hotmail.org","(85)76418-6774"
456,"Roth J. Farias","erat.semper@aol.ca","(76)48958-2115"
457,"Jennifer K. Fagundes","odio@protonmail.org","(48)78738-3074"
458,"Murphy Y. Azevedo","duis.gravida@google.com","(21)75385-7322"
459,"Tanek O. Cruz","dignissim@hotmail.ca","(10)30688-6349"
460,"Orson G. Braz","tristique@google.couk","(57)38572-9283"
461,"Burke H. Pacheco","blandit@outlook.com","(49)15226-8312"
462,"Brenna M. Ribeiro","suspendisse.non@hotmail.org","(15)37567-3343"
463,"Oren P. Marinho","pellentesque@yahoo.couk","(42)09914-3602"
464,"Isabella J. Neves","rutrum.magna@protonmail.net","(51)14423-2072"
465,"Rahim B. Barbosa","libero@yahoo.couk","(56)43807-3843"
466,"Kristen D. Pacheco","nunc.sed.libero@aol.net","(60)00997-5700"
467,"Ramona O. Marques","blandit.at@hotmail.com","(27)33895-4473"
468,"Mannix W. Siqueira","ullamcorper@protonmail.com","(76)44866-8891"
469,"Elijah D. da Costa","velit.in.aliquet@yahoo.org","(92)46244-3624"
470,"Perry O. Tavares","at.velit@protonmail.net","(29)62383-3512"
471,"Winifred R. Torres","at@aol.ca","(33)78485-5850"
472,"Dora N. Azevedo","eros.nec@yahoo.org","(49)72460-2624"
473,"Tamara N. Moreira","ac@google.couk","(77)32587-2232"
474,"Jermaine O. de Morais","mauris.eu@hotmail.couk","(53)00240-1188"
475,"Elizabeth Z. de Andrade","vestibulum@protonmail.edu","(41)42846-2742"
476,"Janna O. Silveira","et.netus@protonmail.org","(05)03276-6814"
477,"Latifah Q. Moreira","diam.vel.arcu@aol.org","(32)95852-4383"
478,"Harriet X. Santiago","habitant@protonmail.couk","(53)77782-7107"
479,"Gisela W. Henrique","vitae.erat.vivamus@yahoo.ca","(22)84460-8143"
480,"Kevin N. Felix","facilisi.sed@icloud.edu","(97)12225-0179"
481,"Kasimir A. Cordeiro","sed.tortor@icloud.couk","(15)73518-2689"
482,"Ryan N. Oliveira","diam.lorem.auctor@yahoo.net","(35)88320-4219"
483,"Odysseus X. Bastos","dictum.eu@hotmail.com","(11)47120-7989"
484,"Justina K. Vasconcelos","diam.sed@google.net","(67)27171-2185"
485,"Ria U. Carvalho","condimentum.eget@aol.ca","(44)27445-0318"
486,"Shaeleigh U. Freire","urna.suscipit@aol.edu","(46)57251-3149"
487,"Len L. Chagas","est@hotmail.couk","(42)85948-8297"
488,"Melyssa Y. Tavares","eget@icloud.couk","(85)28006-7915"
489,"Noel I. Faria","nibh.sit.amet@google.couk","(77)86147-4137"
490,"Shea F. Teles","magna@aol.ca","(85)56716-5717"
491,"Ashton I. Furtado","molestie.pharetra@icloud.org","(88)24763-6318"
492,"Marah Y. de Andrade","enim.nec.tempus@yahoo.com","(56)85417-6502"
493,"Ulla H. Barbosa","integer.vitae@hotmail.net","(17)38326-2685"
494,"Fredericka B. Das Gracas","adipiscing@hotmail.ca","(03)28372-1835"
495,"Hop I. Morais","lectus.justo.eu@yahoo.couk","(84)36452-2194"
496,"Katell G. Bispo","enim.etiam.gravida@aol.couk","(76)38151-5482"
497,"Kirsten S. Paulino","ac.nulla@yahoo.couk","(53)13786-7026"
498,"Allen D. Barreto","molestie.sodales@icloud.ca","(85)05374-4343"
499,"Karen S. Monteiro","etiam@outlook.couk","(37)48438-3187"
500,"Rachel Z. Correia","vitae.orci@outlook.couk","(81)56265-2593"
